,Week,4046,4225,4770,Total Bagged,Total Volume,Price,  Sml Bagged,  Lrg Bagged,  XLrg Bagged
0,"Jan 11, 2004","4,265,761","4,243,384","52,653","270,145","8,831,943",1.14,,,
1,"Jan 18, 2004","4,329,963","4,628,360","55,893","323,018","9,337,234",1.13,,,
2,"Jan 25, 2004","4,692,960","4,743,630","86,055","309,007","9,831,652",1.09,,,
3,"Feb 1, 2004","8,352,293","8,588,426","216,352","369,575","17,526,646",0.88,,,
4,"Feb 8, 2004","5,056,271","5,413,608","99,135","407,924","10,976,938",1.01,,,
5,"Feb 15, 2004","4,600,737","4,534,108","106,008","295,071","9,535,924",1.09,,,
6,"Feb 22, 2004","4,933,657","4,898,833","89,992","325,594","10,248,076",1.06,,,
7,"Feb 29, 2004","4,672,635","5,890,553","89,060","346,611","10,998,859",1.02,,,
8,"Mar 7, 2004","4,368,266","4,986,470","98,834","417,609","9,871,179",1.09,,,
9,"Mar 14, 2004","4,134,591","6,235,106","167,181","505,942","11,042,820",1.06,,,
10,"Mar 21, 2004","4,883,434","5,251,778","97,152","388,772","10,621,136",1.08,,,
11,"Mar 28, 2004","5,185,475","5,384,377","102,849","691,843","11,364,544",1.06,,,
12,"Apr 4, 2004","4,475,869","6,254,093","171,048","582,846","11,483,856",1.09,,,
13,"Apr 11, 2004","4,236,278","5,734,935","114,888","572,456","10,658,557",1.18,,,
14,"Apr 18, 2004","5,151,189","6,489,452","117,929","525,282","12,283,852",1.05,,,
15,"Apr 25, 2004","4,524,589","6,088,070","111,907","526,312","11,250,878",1.07,,,
16,"May 2, 2004","7,313,035","7,926,863","128,518","521,576","15,889,992",0.95,,,
17,"May 9, 2004","7,501,765","7,648,107","195,053","666,599","16,011,524",0.92,,,
18,"May 16, 2004","5,095,263","5,332,273","111,427","483,216","11,022,179",1.08,,,
19,"May 23, 2004","6,408,517","5,575,190","83,601","382,953","12,450,261",1.03,,,
20,"May 30, 2004","6,300,484","6,671,190","84,853","456,058","13,512,585",1.06,,,
21,"Jun 6, 2004","7,658,855","5,734,427","112,707","619,071","14,125,060",1.00,,,
22,"Jun 13, 2004","6,685,310","5,816,591","121,135","567,981","13,191,017",1.01,,,
23,"Jun 20, 2004","5,949,933","5,496,684","121,851","556,576","12,125,044",1.07,,,
24,"Jun 27, 2004","5,291,699","4,702,015","123,538","736,154","10,853,406",1.13,,,
25,"Jul 4, 2004","7,104,269","6,073,763","178,604","703,738","14,060,374",1.10,,,
26,"Jul 11, 2004","6,457,828","5,890,827","160,465","689,824","13,198,944",1.07,,,
27,"Jul 18, 2004","5,332,374","5,705,084","158,181","625,930","11,821,569",1.10,,,
28,"Jul 25, 2004","5,364,853","5,754,894","185,445","661,556","11,966,748",1.11,,,
29,"Aug 1, 2004","4,960,036","5,910,668","200,824","591,393","11,662,921",1.10,,,
30,"Aug 8, 2004","4,966,763","6,988,064","149,813","712,724","12,817,364",1.06,,,
31,"Aug 15, 2004","5,499,818","6,211,725","144,583","965,684","12,821,810",1.01,,,
32,"Aug 22, 2004","5,760,240","6,693,532","139,173","688,211","13,281,156",1.00,,,
33,"Aug 29, 2004","5,747,766","8,179,022","132,054","696,435","14,755,277",0.90,,,
34,"Sep 5, 2004","7,749,929","8,601,603","125,325","637,084","17,113,941",0.85,,,
35,"Sep 12, 2004","7,154,833","8,031,743","129,982","581,385","15,897,943",0.89,,,
36,"Sep 19, 2004","6,369,993","7,107,312","218,502","555,953","14,251,760",0.89,,,
37,"Sep 26, 2004","5,047,961","6,772,534","134,868","523,766","12,479,129",0.94,,,
38,"Oct 3, 2004","6,556,451","5,524,694","145,272","546,508","12,772,925",0.93,,,
39,"Oct 10, 2004","5,565,108","5,976,550","115,528","568,370","12,225,556",0.97,,,
40,"Oct 17, 2004","6,016,626","6,807,744","109,748","569,238","13,503,356",0.90,,,
41,"Oct 24, 2004","7,060,319","7,260,137","93,053","498,560","14,912,069",0.78,,,
42,"Oct 31, 2004","7,213,421","6,200,374","98,887","1,287,956","14,800,638",0.76,,,
43,"Nov 7, 2004","5,375,610","6,734,857","100,788","709,296","12,920,551",0.84,,,
44,"Nov 14, 2004","6,689,455","7,270,834","76,210","717,197","14,753,696",0.76,,,
45,"Nov 21, 2004","5,976,836","5,448,663","100,180","601,216","12,126,895",0.83,,,
46,"Nov 28, 2004","5,287,526","4,924,926","106,933","648,534","10,967,919",0.87,,,
47,"Dec 5, 2004","7,236,252","6,158,614","185,546","564,956","14,145,368",0.76,,,
48,"Dec 12, 2004","6,322,455","5,260,000","70,433","497,504","12,150,392",0.82,,,
49,"Dec 19, 2004","4,631,122","4,612,405","94,530","511,705","9,849,762",0.95,,,
50,"Dec 26, 2004","5,224,889","5,684,626","142,558","628,128","11,680,201",0.94,,,
51,"Jan 2, 2005","9,320,080","10,837,655","253,478","1,440,732","21,851,945",0.69,,,
52,"Jan 9, 2005","5,740,542","6,666,491","170,412","1,251,157","13,828,602",0.85,,,
53,"Jan 16, 2005","5,436,393","5,859,017","187,943","910,306","12,393,659",0.97,,,
54,"Jan 23, 2005","5,433,218","6,879,581","136,409","617,413","13,066,621",0.96,,,
55,"Jan 30, 2005","5,137,289","6,548,864","184,812","754,057","12,625,022",0.96,,,
56,"Feb 6, 2005","10,143,161","10,685,966","469,158","1,349,202","22,647,487",0.76,,,
57,"Feb 13, 2005","7,689,363","6,366,867","275,582","887,147","15,218,959",0.81,,,
58,"Feb 20, 2005","8,060,022","6,086,757","107,330","789,713","15,043,822",0.81,,,
59,"Feb 27, 2005","7,019,319","6,988,345","260,652","763,764","15,032,080",0.85,,,
60,"Mar 6, 2005","6,590,802","6,867,589","146,132","767,751","14,372,274",0.87,,,
61,"Mar 13, 2005","5,736,195","6,265,151","202,033","993,204","13,196,583",0.90,,,
62,"Mar 20, 2005","5,079,985","6,172,021","244,821","846,146","12,342,973",0.97,,,
63,"Mar 27, 2005","5,201,793","6,267,339","152,973","1,243,310","12,865,415",0.99,,,
64,"Apr 3, 2005","4,624,499","7,122,882","160,061","900,402","12,807,844",1.01,,,
65,"Apr 10, 2005","5,049,616","7,963,370","169,270","1,359,039","14,541,295",0.96,,,
66,"Apr 17, 2005","4,970,761","7,970,539","354,764","1,254,228","14,550,292",0.97,,,
67,"Apr 24, 2005","5,566,801","7,290,962","223,546","911,789","13,993,098",0.97,,,
68,"May 1, 2005","7,548,749","9,025,025","206,357","837,158","17,617,289",0.91,,,
69,"May 8, 2005","7,202,808","10,030,634","514,767","627,050","18,375,259",0.91,,,
70,"May 15, 2005","6,097,407","8,302,261","236,000","558,872","15,194,540",0.96,,,
71,"May 22, 2005","6,809,615","8,381,100","241,030","621,597","16,053,342",0.95,,,
72,"May 29, 2005","5,938,601","8,641,201","407,675","675,711","15,663,188",1.01,,,
73,"Jun 5, 2005","5,971,865","7,498,279","300,223","499,218","14,269,585",1.02,,,
74,"Jun 12, 2005","5,818,876","7,769,449","252,737","762,713","14,603,775",1.01,,,
75,"Jun 19, 2005","5,837,300","8,962,224","375,005","913,257","16,087,786",0.98,,,
76,"Jun 26, 2005","6,113,359","8,375,926","265,507","913,835","15,668,627",0.98,,,
77,"Jul 3, 2005","6,352,803","7,838,611","320,020","1,253,772","15,765,206",1.04,,,
78,"Jul 10, 2005","6,242,546","6,693,078","250,510","829,854","14,015,988",1.12,,,
79,"Jul 17, 2005","5,389,290","5,907,730","252,096","718,027","12,267,143",1.13,,,
80,"Jul 24, 2005","4,450,884","6,243,177","243,440","758,290","11,695,791",1.21,,,
81,"Jul 31, 2005","4,426,712","5,611,675","234,719","768,742","11,041,848",1.24,,,
82,"Aug 7, 2005","4,748,370","5,801,116","232,409","734,615","11,516,510",1.23,,,
83,"Aug 14, 2005","4,189,503","5,573,210","205,019","693,849","10,661,581",1.27,,,
84,"Aug 21, 2005","4,154,714","5,336,191","281,441","779,845","10,552,191",1.25,,,
85,"Aug 28, 2005","4,724,662","5,755,371","206,801","822,498","11,509,332",1.19,,,
86,"Sep 4, 2005","4,447,192","8,504,868","247,265","860,121","14,059,446",1.12,,,
87,"Sep 11, 2005","4,604,100","7,948,733","205,941","862,725","13,621,499",1.08,,,
88,"Sep 18, 2005","4,554,213","7,611,896","188,918","786,974","13,142,001",1.03,,,
89,"Sep 25, 2005","4,637,558","7,803,239","177,426","762,842","13,381,065",1.00,,,
90,"Oct 2, 2005","5,936,930","7,394,631","154,002","785,916","14,271,479",0.94,,,
91,"Oct 9, 2005","5,498,379","7,596,556","139,904","804,718","14,039,557",0.96,,,
92,"Oct 16, 2005","5,316,658","7,122,965","134,260","762,054","13,335,937",0.95,,,
93,"Oct 23, 2005","5,071,465","6,545,906","159,863","790,669","12,567,903",0.99,,,
94,"Oct 30, 2005","4,468,757","7,412,118","129,986","801,043","12,811,904",0.99,,,
95,"Nov 6, 2005","4,964,873","7,524,093","205,201","677,720","13,371,887",0.96,,,
96,"Nov 13, 2005","4,361,547","7,096,294","167,155","862,020","12,487,016",1.01,,,
97,"Nov 20, 2005","4,930,327","6,254,546","148,209","952,996","12,286,078",0.94,,,
98,"Nov 27, 2005","4,485,349","5,863,688","133,231","1,099,571","11,581,839",0.96,,,
99,"Dec 4, 2005","5,052,656","6,954,922","206,264","837,684","13,051,526",0.91,,,
100,"Dec 11, 2005","5,146,588","6,123,140","200,588","720,100","12,190,416",0.94,,,
101,"Dec 18, 2005","4,744,313","5,374,137","205,796","770,427","11,094,673",0.96,,,
102,"Dec 25, 2005","5,210,663","6,293,837","285,621","946,112","12,736,233",1.04,,,
103,"Jan 8, 2006","4,344,095","8,344,009","658,602","2,199,433","15,546,139",0.83,,,
104,"Jan 15, 2006","3,459,486","8,194,353","927,861","2,697,507","15,279,207",0.91,,,
105,"Jan 22, 2006","3,654,890","9,241,961","798,538","2,403,056","16,098,445",0.87,,,
106,"Jan 29, 2006","4,128,226","8,893,816","413,223","2,037,561","15,472,826",0.88,,,
107,"Feb 5, 2006","8,589,529","15,381,508","1,022,360","2,013,806","27,007,203",0.72,,,
108,"Feb 12, 2006","4,953,237","8,765,655","371,159","2,101,238","16,191,289",0.82,,,
109,"Feb 19, 2006","4,267,264","7,239,660","435,660","1,845,448","13,788,032",0.91,,,
110,"Feb 26, 2006","4,430,578","10,079,594","777,027","1,908,526","17,195,725",0.84,,,
111,"Mar 5, 2006","5,026,703","8,810,128","457,313","2,145,022","16,439,166",0.85,,,
112,"Mar 12, 2006","5,627,961","8,946,095","525,119","2,713,346","17,812,521",0.79,,,
113,"Mar 19, 2006","4,629,457","8,488,652","1,106,881","1,970,533","16,195,523",0.86,,,
114,"Mar 26, 2006","3,977,863","10,436,511","551,792","2,569,826","17,535,992",0.87,,,
115,"Apr 2, 2006","4,717,725","9,207,036","1,045,873","2,607,796","17,578,430",0.84,,,
116,"Apr 9, 2006","4,635,426","10,265,994","515,375","2,472,419","17,889,214",0.85,,,
117,"Apr 16, 2006","4,193,158","10,110,475","849,557","2,166,759","17,319,949",0.93,,,
118,"Apr 23, 2006","3,797,845","9,847,909","695,531","1,812,423","16,153,708",0.91,,,
119,"Apr 30, 2006","4,442,769","12,002,028","1,377,238","1,894,835","19,716,870",0.85,,,
120,"May 7, 2006","6,677,856","15,831,060","1,234,437","1,951,623","25,694,976",0.78,,,
121,"May 14, 2006","5,047,697","9,780,094","539,513","1,869,010","17,236,314",0.91,,,
122,"May 21, 2006","4,878,079","9,039,242","475,687","1,706,337","16,099,345",0.95,,,
123,"May 28, 2006","5,530,977","11,184,167","584,143","2,145,814","19,445,101",0.88,,,
124,"Jun 4, 2006","5,318,914","10,763,632","565,844","2,792,109","19,440,499",0.88,,,
125,"Jun 11, 2006","5,037,940","10,607,212","645,250","2,336,500","18,626,902",0.88,,,
126,"Jun 18, 2006","5,475,677","10,534,965","589,527","2,484,746","19,084,915",0.87,,,
127,"Jun 25, 2006","5,447,766","10,514,567","1,434,278","2,670,949","20,067,560",0.86,,,
128,"Jul 2, 2006","4,477,452","10,998,170","1,022,286","2,654,312","19,152,220",0.93,,,
129,"Jul 9, 2006","7,702,481","10,860,592","1,222,059","2,233,814","22,018,946",0.82,,,
130,"Jul 16, 2006","6,362,504","9,566,690","1,030,617","2,351,036","19,310,847",0.85,,,
131,"Jul 23, 2006","7,447,145","10,201,226","1,078,401","2,279,148","21,005,920",0.80,,,
132,"Jul 30, 2006","6,497,417","10,209,870","933,628","1,916,492","19,557,407",0.85,,,
133,"Aug 6, 2006","6,756,856","11,566,365","1,026,924","1,908,526","21,258,671",0.81,,,
134,"Aug 13, 2006","7,102,840","9,411,153","1,570,598","1,787,211","19,871,802",0.84,,,
135,"Aug 20, 2006","6,601,853","9,231,905","1,270,273","1,833,680","18,937,711",0.84,,,
136,"Aug 27, 2006","6,683,760","9,270,599","966,181","1,813,074","18,733,614",0.84,,,
137,"Sep 3, 2006","6,769,853","9,586,912","1,074,503","1,700,624","19,131,892",0.87,,,
138,"Sep 10, 2006","6,537,423","8,420,039","1,287,101","1,797,397","18,041,960",0.86,,,
139,"Sep 17, 2006","6,680,809","8,275,347","1,042,943","1,528,193","17,527,292",0.83,,,
140,"Sep 24, 2006","6,494,419","7,871,143","776,406","1,503,733","16,645,701",0.86,,,
141,"Oct 1, 2006","6,876,302","8,467,235","1,007,457","1,439,232","17,790,226",0.83,,,
142,"Oct 8, 2006","7,688,191","8,779,824","706,713","1,474,239","18,648,967",0.78,,,
143,"Oct 15, 2006","5,619,018","9,189,738","811,923","1,482,657","17,103,336",0.81,,,
144,"Oct 22, 2006","5,442,287","8,468,807","779,084","1,627,966","16,318,144",0.83,,,
145,"Oct 29, 2006","5,517,790","9,516,357","982,355","1,510,687","17,527,189",0.82,,,
146,"Nov 5, 2006","5,245,532","9,792,305","644,226","1,318,455","17,000,518",0.80,,,
147,"Nov 12, 2006","6,064,902","8,442,435","586,913","1,436,015","16,530,265",0.80,,,
148,"Nov 19, 2006","4,946,529","8,397,466","509,470","1,364,130","15,217,595",0.82,,,
149,"Nov 26, 2006","3,355,435","7,634,783","450,107","1,304,628","12,744,953",0.94,,,
150,"Dec 3, 2006","3,933,893","9,679,806","424,452","1,246,562","15,284,713",0.86,,,
151,"Dec 10, 2006","4,085,658","8,428,576","397,496","1,233,625","14,145,355",0.90,,,
152,"Dec 17, 2006","3,581,326","10,203,100","400,483","1,249,268","15,434,177",0.83,,,
153,"Dec 24, 2006","4,383,952","9,929,105","557,386","2,076,906","16,947,349",0.87,,,
154,"Dec 31, 2006","5,417,301","13,263,311","553,378","1,335,424","20,569,414",0.78,,,
155,"Jan 7, 2007","4,018,802","12,202,442","442,363","1,551,915","18,215,522",0.84,,,
156,"Jan 14, 2007","5,409,881","10,201,388","269,718","1,987,612","17,868,599",0.89,,,
157,"Jan 21, 2007","4,864,644","9,323,413","297,957","2,258,241","16,744,255",0.89,,,
158,"Jan 28, 2007","5,332,108","9,025,316","299,267","1,617,307","16,273,998",0.91,,,
159,"Feb 4, 2007","7,839,808","16,547,626","496,450","1,687,613","26,571,497",0.84,,,
160,"Feb 11, 2007","5,807,408","10,734,493","271,772","1,585,483","18,399,156",0.89,,,
161,"Feb 18, 2007","4,965,365","9,395,180","312,464","1,567,369","16,240,378",0.93,,,
162,"Feb 25, 2007","5,899,298","9,245,902","400,236","1,545,209","17,090,645",0.90,,,
163,"Mar 4, 2007","5,332,786","11,032,217","332,526","1,575,798","18,273,327",0.91,,,
164,"Mar 11, 2007","6,096,351","11,173,519","431,720","1,609,245","19,310,835",0.86,,,
165,"Mar 18, 2007","4,965,326","12,228,712","257,691","1,516,797","18,968,526",0.89,,,
166,"Mar 25, 2007","4,866,150","9,660,885","328,403","1,777,689","16,633,127",0.95,,,
167,"Apr 1, 2007","5,139,117","9,709,228","335,186","1,645,486","16,829,017",0.99,,,
168,"Apr 8, 2007","5,403,591","9,648,717","240,213","1,747,303","17,039,824",1.03,,,
169,"Apr 15, 2007","5,572,019","8,355,503","383,541","1,563,945","15,875,008",1.01,,,
170,"Apr 22, 2007","5,303,369","8,509,753","431,541","1,778,088","16,022,751",1.06,,,
171,"Apr 29, 2007","5,632,444","8,796,910","464,430","1,626,060","16,519,844",1.07,,,
172,"May 6, 2007","8,056,078","14,093,084","425,864","1,725,091","24,300,117",0.97,,,
173,"May 13, 2007","6,194,968","9,273,739","402,711","1,704,493","17,575,911",1.05,,,
174,"May 20, 2007","5,819,874","8,806,192","424,383","1,748,161","16,798,610",1.09,,,
175,"May 27, 2007","5,506,536","9,773,277","358,563","1,908,974","17,547,350",1.13,,,
176,"Jun 3, 2007","5,501,561","8,510,735","379,571","1,948,136","16,340,003",1.11,,,
177,"Jun 10, 2007","5,475,262","8,232,947","440,345","1,914,508","16,063,062",1.11,,,
178,"Jun 17, 2007","5,774,579","8,905,131","458,818","1,915,105","17,053,633",1.10,,,
179,"Jun 24, 2007","7,556,876","8,821,028","452,274","1,733,981","18,564,159",1.01,,,
180,"Jul 1, 2007","6,196,890","9,733,961","463,851","1,992,971","18,387,673",1.07,,,
181,"Jul 8, 2007","6,358,624","10,010,595","542,538","2,059,285","18,971,042",1.13,,,
182,"Jul 15, 2007","5,312,752","9,502,212","379,877","1,890,286","17,085,127",1.12,,,
183,"Jul 22, 2007","5,116,826","7,876,526","361,274","1,873,801","15,228,427",1.17,,,
184,"Jul 29, 2007","4,935,526","8,172,509","439,331","1,785,280","15,332,646",1.17,,,
185,"Aug 5, 2007","5,327,741","7,555,812","474,664","1,935,538","15,293,755",1.16,,,
186,"Aug 12, 2007","5,287,200","7,849,297","617,579","1,843,025","15,597,101",1.16,,,
187,"Aug 19, 2007","4,443,787","7,628,503","446,402","1,977,661","14,496,353",1.21,,,
188,"Aug 26, 2007","4,360,925","7,893,339","278,066","2,005,991","14,538,321",1.19,,,
189,"Sep 2, 2007","4,888,916","7,368,955","423,612","2,262,890","14,944,373",1.19,,,
190,"Sep 9, 2007","3,919,667","7,260,156","447,504","2,080,700","13,708,027",1.25,,,
191,"Sep 16, 2007","3,974,459","7,169,795","464,359","1,899,640","13,508,253",1.21,,,
192,"Sep 23, 2007","4,693,295","7,718,029","434,760","1,764,974","14,611,058",1.11,,,
193,"Sep 30, 2007","4,610,802","7,972,464","390,471","1,556,754","14,530,491",1.09,,,
194,"Oct 7, 2007","5,655,488","8,433,886","436,051","1,743,968","16,269,393",1.01,,,
195,"Oct 14, 2007","4,672,588","7,393,196","356,235","1,498,708","13,920,727",1.06,,,
196,"Oct 21, 2007","5,059,115","8,118,751","326,586","1,756,406","15,260,858",1.01,,,
197,"Oct 28, 2007","4,780,210","8,579,593","216,090","1,463,311","15,039,204",1.01,,,
198,"Nov 4, 2007","4,486,315","8,821,420","231,863","1,362,044","14,901,642",1.02,,,
199,"Nov 11, 2007","4,890,696","7,011,882","317,833","1,373,051","13,593,462",1.06,,,
200,"Nov 18, 2007","4,187,439","6,546,702","325,367","1,364,935","12,424,443",1.12,,,
201,"Nov 25, 2007","3,537,010","6,166,715","179,536","1,424,674","11,307,935",1.18,,,
202,"Dec 2, 2007","4,258,270","6,938,143","205,074","1,547,634","12,949,121",1.07,,,
203,"Dec 9, 2007","4,319,603","7,157,439","291,672","1,331,731","13,100,445",1.08,,,
204,"Dec 16, 2007","4,104,877","6,809,521","323,424","1,386,235","12,624,057",1.11,,,
205,"Dec 23, 2007","4,329,120","7,240,617","441,139","1,484,830","13,495,706",1.13,,,
206,"Dec 30, 2007","5,595,952","10,555,186","395,300","1,359,407","17,905,845",1.02,,,
207,"Jan 13, 2008","4,543,425","8,630,487","340,374","1,725,242","15,239,528",1.14,,,
208,"Jan 20, 2008","4,501,478","8,483,182","434,182","1,689,513","15,108,355",1.12,,,
209,"Jan 27, 2008","4,399,062","7,666,419","394,595","1,526,530","13,986,606",1.14,,,
210,"Feb 3, 2008","8,432,446","13,975,981","576,011","1,567,877","24,552,315",0.99,,,
211,"Feb 10, 2008","5,809,921","8,139,160","511,895","1,532,871","15,993,847",1.07,,,
212,"Feb 17, 2008","5,238,145","6,644,649","515,927","1,621,406","14,020,127",1.13,,,
213,"Feb 24, 2008","5,439,829","7,607,614","539,081","1,656,976","15,243,500",1.11,,,
214,"Mar 2, 2008","5,479,602","8,775,453","622,954","1,542,040","16,420,049",1.08,,,
215,"Mar 9, 2008","4,726,442","8,120,350","504,572","1,523,567","14,874,931",1.18,,,
216,"Mar 16, 2008","5,567,945","7,465,519","453,177","1,594,328","15,080,969",1.15,,,
217,"Mar 23, 2008","6,506,403","6,971,138","631,731","1,713,617","15,822,889",1.14,,,
218,"Mar 30, 2008","5,553,332","8,409,561","675,086","1,577,343","16,215,322",1.11,,,
219,"Apr 6, 2008","5,307,751","8,156,925","466,869","1,861,477","15,793,022",1.12,,,
220,"Apr 13, 2008","5,795,030","8,162,392","629,525","2,004,047","16,590,994",1.14,,,
221,"Apr 20, 2008","5,595,585","6,904,647","670,374","2,008,558","15,179,164",1.21,,,
222,"Apr 27, 2008","4,934,673","7,631,351","579,007","2,240,544","15,385,575",1.22,,,
223,"May 4, 2008","8,971,278","13,663,883","460,067","1,903,969","24,999,197",0.98,,,
224,"May 11, 2008","6,644,686","10,105,334","558,196","2,009,584","19,317,800",1.09,,,
225,"May 18, 2008","6,516,924","8,274,549","663,198","2,191,915","17,646,586",1.14,,,
226,"May 25, 2008","6,328,907","8,761,950","622,017","2,194,420","17,907,294",1.20,,,
227,"Jun 1, 2008","6,248,343","8,228,928","433,317","2,394,950","17,305,538",1.18,,,
228,"Jun 8, 2008","6,737,073","6,956,131","627,189","2,395,869","16,716,262",1.20,,,
229,"Jun 15, 2008","6,542,338","7,465,551","831,008","2,413,123","17,252,020",1.21,,,
230,"Jun 22, 2008","7,882,082","7,219,209","730,765","2,354,019","18,186,075",1.14,,,
231,"Jun 29, 2008","6,344,305","7,059,325","645,677","2,089,070","16,138,377",1.23,,,
232,"Jul 6, 2008","6,484,527","9,597,905","808,593","2,558,896","19,449,921",1.26,,,
233,"Jul 13, 2008","6,223,124","7,161,420","694,048","2,237,458","16,316,050",1.24,,,
234,"Jul 20, 2008","5,860,301","7,166,217","730,055","2,075,883","15,832,456",1.27,,,
235,"Jul 27, 2008","5,304,990","6,701,795","799,789","2,182,405","14,988,979",1.30,,,
236,"Aug 3, 2008","5,437,723","6,662,683","775,414","2,204,857","15,080,677",1.30,,,
237,"Aug 10, 2008","5,856,850","7,238,413","654,257","2,185,661","15,935,181",1.28,,,
238,"Aug 17, 2008","5,372,891","8,323,839","395,470","2,196,173","16,288,373",1.25,,,
239,"Aug 24, 2008","5,730,299","6,849,214","414,413","2,217,436","15,211,362",1.25,,,
240,"Aug 31, 2008","5,028,008","7,130,213","532,221","2,291,736","14,982,178",1.32,,,
241,"Sep 7, 2008","4,878,866","7,330,500","512,923","2,274,162","14,996,451",1.30,,,
242,"Sep 14, 2008","4,861,191","6,729,039","444,525","2,083,984","14,118,739",1.28,,,
243,"Sep 21, 2008","5,104,618","6,664,666","494,354","1,943,289","14,206,927",1.26,,,
244,"Sep 28, 2008","5,589,854","6,242,857","453,646","1,939,659","14,226,016",1.20,,,
245,"Oct 5, 2008","5,502,002","6,513,520","495,667","1,896,700","14,407,889",1.18,,,
246,"Oct 12, 2008","5,458,360","6,708,740","412,641","1,746,601","14,326,342",1.17,,,
247,"Oct 19, 2008","5,598,835","9,110,455","391,481","1,600,811","16,701,582",1.12,,,
248,"Oct 26, 2008","4,751,637","7,516,147","397,850","1,490,751","14,156,385",1.14,,,
249,"Nov 2, 2008","5,231,991","7,996,613","456,743","1,431,385","15,116,732",1.12,,,
250,"Nov 9, 2008","6,537,309","7,968,560","419,699","1,780,911","16,706,479",0.99,,,
251,"Nov 16, 2008","6,146,470","7,038,243","445,601","1,736,696","15,367,010",1.06,,,
252,"Nov 23, 2008","4,662,411","6,559,477","317,624","1,831,801","13,371,313",1.13,,,
253,"Nov 30, 2008","4,056,036","5,874,327","235,203","1,579,479","11,745,045",1.20,,,
254,"Dec 7, 2008","5,670,437","7,962,006","258,700","1,396,490","15,287,633",1.02,,,
255,"Dec 14, 2008","5,028,002","7,362,639","306,018","1,558,649","14,255,308",1.04,,,
256,"Dec 21, 2008","4,935,545","6,945,272","681,333","1,573,207","14,135,357",1.11,,,
257,"Dec 28, 2008","5,782,695","7,914,843","505,303","1,540,852","15,743,693",1.10,,,
258,"Jan 4, 2009","6,441,866","13,033,354","501,055","1,619,001","21,595,276",1.03,,,
259,"Jan 11, 2009","6,780,065","7,539,141","291,422","835,358","15,445,986",1.03,,,
260,"Jan 18, 2009","6,466,818","8,132,101","323,055","854,944","15,776,918",1.03,,,
261,"Jan 25, 2009","7,156,844","7,141,216","319,643","921,233","15,538,936",1.02,,,
262,"Feb 1, 2009","12,352,795","12,882,245","514,512","988,603","26,738,155",0.85,,,
263,"Feb 8, 2009","9,230,846","8,232,709","339,463","991,079","18,794,097",0.92,,,
264,"Feb 15, 2009","6,855,520","6,024,323","522,383","995,025","14,397,251",1.04,,,
265,"Feb 22, 2009","7,115,143","7,843,292","369,843","1,026,141","16,354,419",1.00,,,
266,"Mar 1, 2009","6,571,237","8,330,950","376,349","934,802","16,213,338",1.02,,,
267,"Mar 8, 2009","7,070,724","7,911,424","415,691","752,736","16,150,575",1.01,,,
268,"Mar 15, 2009","7,365,495","7,348,989","499,441","1,036,872","16,250,797",1.04,,,
269,"Mar 22, 2009","7,747,494","8,409,223","421,647","1,071,230","17,649,594",0.97,,,
270,"Mar 29, 2009","7,282,259","7,608,591","385,120","1,141,657","16,417,627",1.02,,,
271,"Apr 5, 2009","6,965,661","9,623,216","603,380","980,752","18,173,009",1.01,,,
272,"Apr 12, 2009","7,645,762","8,500,286","708,524","987,175","17,841,747",1.05,,,
273,"Apr 19, 2009","7,433,559","7,542,829","492,691","1,031,384","16,500,463",1.05,,,
274,"Apr 26, 2009","6,911,860","7,589,997","574,410","1,123,089","16,199,356",1.11,,,
275,"May 3, 2009","9,646,990","11,575,332","545,350","897,556","22,665,228",0.97,,,
276,"May 10, 2009","8,636,339","9,909,100","627,658","970,298","20,143,395",1.01,,,
277,"May 17, 2009","7,384,529","7,443,075","502,984","964,158","16,294,746",1.14,,,
278,"May 24, 2009","7,984,724","8,694,228","586,513","950,968","18,216,433",1.16,,,
279,"May 31, 2009","7,890,352","8,359,239","468,343","949,722","17,667,656",1.15,,,
280,"Jun 7, 2009","7,722,444","8,257,579","535,198","861,015","17,376,236",1.15,,,
281,"Jun 14, 2009","6,608,517","7,260,443","631,232","886,893","15,387,085",1.25,,,
282,"Jun 21, 2009","6,769,046","7,542,057","579,707","920,402","15,811,212",1.25,,,
283,"Jun 28, 2009","6,539,693","7,201,243","480,087","921,794","15,142,817",1.28,,,
284,"Jul 5, 2009","6,979,781","8,736,511","636,175","999,874","17,352,341",1.32,,,
285,"Jul 12, 2009","6,001,477","7,155,850","480,607","959,038","14,596,972",1.32,,,
286,"Jul 19, 2009","5,652,786","7,028,673","372,986","917,103","13,971,548",1.36,,,
287,"Jul 26, 2009","4,921,855","6,623,541","398,367","893,629","12,837,392",1.42,,,
288,"Aug 2, 2009","5,036,394","6,784,385","377,815","903,139","13,101,733",1.39,,,
289,"Aug 9, 2009","5,044,006","6,742,266","374,085","900,420","13,060,777",1.40,,,
290,"Aug 16, 2009","5,609,628","6,568,592","354,390","858,033","13,390,643",1.37,,,
291,"Aug 23, 2009","5,825,536","7,195,475","349,363","865,433","14,235,807",1.28,,,
292,"Aug 30, 2009","5,542,621","7,837,658","315,308","923,050","14,618,637",1.22,,,
293,"Sep 6, 2009","8,738,965","10,711,318","267,796","1,148,840","20,866,919",0.99,,,
294,"Sep 13, 2009","9,043,644","8,582,736","179,202","1,074,574","18,880,156",0.99,,,
295,"Sep 20, 2009","9,347,602","10,267,731","165,669","1,079,330","20,860,332",0.86,,,
296,"Sep 27, 2009","7,776,637","8,910,300","146,135","1,041,098","17,874,170",0.93,,,
297,"Oct 4, 2009","6,028,161","8,123,731","140,808","1,052,939","15,345,639",1.02,,,
298,"Oct 11, 2009","6,066,077","8,790,478","149,602","1,041,841","16,047,998",0.98,,,
299,"Oct 18, 2009","7,353,133","8,040,278","160,829","1,084,680","16,638,920",0.96,,,
300,"Oct 25, 2009","8,108,729","8,630,434","161,404","1,084,921","17,985,488",0.92,,,
301,"Nov 1, 2009","7,118,148","8,927,724","150,997","1,273,534","17,470,403",0.93,,,
302,"Nov 8, 2009","7,646,476","8,170,345","186,966","1,286,975","17,290,762",0.90,,,
303,"Nov 15, 2009","7,301,943","9,717,305","175,821","1,165,816","18,360,885",0.85,,,
304,"Nov 22, 2009","5,988,332","7,954,520","161,346","1,064,000","15,168,198",0.91,,,
305,"Nov 29, 2009","5,521,588","6,153,961","142,605","1,108,246","12,926,400",0.99,,,
306,"Dec 6, 2009","6,688,808","8,458,150","160,290","981,739","16,288,987",0.90,,,
307,"Dec 13, 2009","6,672,256","7,691,035","154,911","1,277,606","15,795,808",0.89,,,
308,"Dec 20, 2009","6,184,657","6,676,609","186,034","1,407,453","14,454,753",0.96,,,
309,"Dec 27, 2009","6,259,779","7,815,317","225,229","1,224,147","15,524,472",0.98,,,
310,"Jan 3, 2010","11,234,727","12,944,724","292,242","1,162,803","25,634,496",0.75,,,
311,"Jan 10, 2010","8,376,055","9,098,999","252,302","1,355,702","19,083,058",0.87,,,
312,"Jan 17, 2010","8,171,884","9,926,733","402,394","1,295,527","19,796,538",0.91,,,
313,"Jan 24, 2010","7,729,583","10,492,164","294,940","1,304,449","19,821,136",0.90,,,
314,"Jan 31, 2010","7,940,409","8,426,871","398,770","1,330,176","18,096,226",0.95,,,
315,"Feb 7, 2010","14,515,540","17,403,166","692,554","1,453,047","34,064,307",0.73,,,
316,"Feb 14, 2010","10,081,750","10,496,397","419,818","1,333,952","22,331,917",0.81,,,
317,"Feb 21, 2010","7,755,906","6,991,041","465,634","1,313,584","16,526,165",0.98,,,
318,"Feb 28, 2010","7,917,086","8,744,364","1,060,205","1,349,189","19,070,844",0.97,,,
319,"Mar 7, 2010","8,631,930","9,068,433","930,528","1,611,032","20,241,923",0.97,,,
320,"Mar 14, 2010","8,569,963","10,604,860","804,588","1,552,965","21,532,376",0.92,,,
321,"Mar 21, 2010","9,076,477","9,988,573","925,685","1,439,812","21,430,547",0.91,,,
322,"Mar 28, 2010","9,091,007","10,796,521","1,139,030","1,347,703","22,374,261",0.91,,,
323,"Apr 4, 2010","9,735,641","9,429,587","1,094,693","1,348,699","21,608,620",0.94,,,
324,"Apr 11, 2010","8,498,059","9,679,211","835,228","1,043,208","20,055,706",0.95,,,
325,"Apr 18, 2010","8,385,924","10,377,232","928,991","1,138,021","20,830,168",0.97,,,
326,"Apr 25, 2010","7,635,059","9,909,708","1,079,807","1,221,909","19,846,483",1.00,,,
327,"May 2, 2010","10,795,857","14,844,105","1,106,407","1,245,392","27,991,761",0.84,,,
328,"May 9, 2010","11,605,466","14,422,036","902,094","1,377,955","28,307,551",0.82,,,
329,"May 16, 2010","8,719,378","8,499,197","1,101,172","1,269,215","19,588,962",1.00,,,
330,"May 23, 2010","8,491,394","9,848,391","958,580","1,204,109","20,502,474",0.99,,,
331,"May 30, 2010","9,418,403","11,116,405","815,510","1,327,226","22,677,544",0.98,,,
332,"Jun 6, 2010","9,961,918","9,117,703","823,772","1,288,163","21,191,556",1.00,,,
333,"Jun 13, 2010","10,411,253","8,438,801","997,419","1,115,343","20,962,816",0.99,,,
334,"Jun 20, 2010","11,227,951","8,829,343","708,088","1,324,851","22,090,233",0.95,,,
335,"Jun 27, 2010","9,883,578","8,268,722","705,349","1,185,138","20,042,787",1.01,,,
336,"Jul 4, 2010","11,736,831","10,139,920","730,598","1,626,430","24,233,779",0.98,,,
337,"Jul 11, 2010","10,274,842","8,719,833","707,180","1,649,122","21,350,977",1.01,,,
338,"Jul 18, 2010","9,758,662","8,843,749","708,001","1,458,239","20,768,651",1.02,,,
339,"Jul 25, 2010","10,387,416","8,558,725","631,508","1,418,415","20,996,064",0.99,,,
340,"Aug 1, 2010","9,351,602","8,998,805","530,616","1,332,341","20,213,364",1.01,,,
341,"Aug 8, 2010","9,487,684","9,496,866","426,358","1,346,624","20,757,532",1.02,,,
342,"Aug 15, 2010","9,278,336","8,352,203","520,149","1,424,592","19,575,280",1.04,,,
343,"Aug 22, 2010","8,620,295","8,502,899","457,260","1,500,235","19,080,689",1.07,,,
344,"Aug 29, 2010","9,072,988","8,132,985","300,562","1,510,104","19,016,639",1.04,,,
345,"Sep 5, 2010","11,040,428","10,066,801","352,681","1,541,706","23,001,616",0.97,,,
346,"Sep 12, 2010","10,408,050","8,278,922","287,083","1,447,051","20,421,106",1.00,,,
347,"Sep 19, 2010","8,805,321","8,817,349","323,978","1,311,505","19,258,153",0.99,,,
348,"Sep 26, 2010","7,525,566","7,872,897","284,041","1,503,657","17,186,161",1.05,,,
349,"Oct 3, 2010","7,590,777","7,526,368","274,954","1,380,158","16,772,257",1.06,,,
350,"Oct 10, 2010","7,753,185","7,748,942","334,520","1,512,305","17,348,952",1.06,,,
351,"Oct 17, 2010","8,131,741","8,502,522","336,756","1,502,938","18,473,957",1.01,,,
352,"Oct 24, 2010","7,639,378","7,883,633","284,113","1,412,961","17,220,085",1.03,,,
353,"Oct 31, 2010","7,529,918","8,002,338","279,217","1,297,665","17,109,138",1.01,,,
354,"Nov 7, 2010","7,818,554","7,413,196","554,129","1,183,345","16,969,224",1.00,,,
355,"Nov 14, 2010","6,851,936","8,099,437","724,848","1,277,817","16,954,038",1.00,,,
356,"Nov 21, 2010","5,943,709","6,579,850","441,169","1,168,788","14,133,516",1.07,,,
357,"Nov 28, 2010","5,623,688","5,474,212","390,575","1,125,464","12,613,939",1.10,,,
358,"Dec 5, 2010","6,692,123","7,049,853","657,280","1,144,885","15,544,141",1.01,,,
359,"Dec 12, 2010","6,389,559","6,514,973","774,321","1,190,514","14,869,367",1.04,,,
360,"Dec 19, 2010","6,112,470","5,854,523","832,003","1,209,519","14,008,515",1.08,,,
361,"Dec 26, 2010","6,147,096","6,560,193","898,665","1,412,956","15,018,910",1.12,,,
362,"Jan 2, 2011","9,184,204","10,851,369","829,822","1,616,500","22,481,895",0.93,,,
363,"Jan 9, 2011","7,775,785","8,804,841","746,905","1,429,995","18,757,526",1.02,,,
364,"Jan 16, 2011","7,938,697","8,769,277","865,911","1,408,905","18,982,790",1.05,,,
365,"Jan 23, 2011","7,493,861","9,386,580","841,561","1,480,889","19,202,891",1.04,,,
366,"Jan 30, 2011","7,432,837","7,404,200","837,834","1,475,130","17,150,001",1.11,,,
367,"Feb 6, 2011","12,607,861","14,671,312","1,392,527","1,638,687","30,310,387",0.91,,,
368,"Feb 13, 2011","8,938,745","9,138,678","979,369","1,502,565","20,559,357",0.99,,,
369,"Feb 20, 2011","7,408,094","7,390,026","812,702","1,544,897","17,155,719",1.09,,,
370,"Feb 27, 2011","7,105,796","7,712,492","935,691","1,552,367","17,306,346",1.11,,,
371,"Mar 6, 2011","7,168,608","8,859,693","1,064,074","1,537,064","18,629,439",1.10,,,
372,"Mar 13, 2011","6,445,183","7,195,810","652,169","1,512,209","15,805,371",1.23,,,
373,"Mar 20, 2011","6,499,509","6,416,396","675,869","1,385,772","14,977,546",1.30,,,
374,"Mar 27, 2011","6,573,211","6,117,070","724,226","1,236,713","14,651,220",1.35,,,
375,"Apr 3, 2011","6,680,766","6,058,934","696,413","1,142,677","14,578,790",1.38,,,
376,"Apr 10, 2011","6,725,289","6,304,825","713,571","1,185,030","14,928,715",1.41,,,
377,"Apr 17, 2011","6,544,371","6,177,632","622,614","1,273,337","14,617,954",1.43,,,
378,"Apr 24, 2011","6,777,325","5,894,118","661,502","1,302,310","14,635,255",1.47,,,
379,"May 1, 2011","6,936,419","5,956,143","605,371","1,174,869","14,672,802",1.42,,,
380,"May 8, 2011","9,517,364","8,162,043","678,195","1,509,693","19,867,295",1.32,,,
381,"May 15, 2011","7,784,849","6,214,297","546,692","1,259,584","15,805,422",1.35,,,
382,"May 22, 2011","7,280,573","6,187,100","570,134","1,181,833","15,219,640",1.38,,,
383,"May 29, 2011","8,257,797","6,685,760","609,586","1,300,275","16,853,418",1.37,,,
384,"Jun 5, 2011","8,552,608","6,559,706","608,468","1,365,130","17,085,912",1.38,,,
385,"Jun 12, 2011","7,926,734","6,785,281","615,054","1,361,545","16,688,614",1.39,,,
386,"Jun 19, 2011","8,632,818","6,833,282","473,868","1,548,113","17,488,081",1.38,,,
387,"Jun 26, 2011","8,182,515","6,707,824","292,078","1,480,210","16,662,627",1.37,,,
388,"Jul 3, 2011","8,450,044","6,708,047","349,039","1,490,268","16,997,398",1.50,,,
389,"Jul 10, 2011","8,556,056","6,605,663","293,303","1,290,587","16,745,609",1.49,,,
390,"Jul 17, 2011","7,707,267","5,547,932","289,662","1,269,617","14,814,478",1.55,,,
391,"Jul 24, 2011","7,535,302","5,418,783","282,903","1,274,413","14,511,401",1.57,,,
392,"Jul 31, 2011","6,970,545","5,382,530","337,822","1,210,496","13,901,393",1.59,,,
393,"Aug 7, 2011","7,123,660","5,607,169","383,574","1,212,481","14,326,884",1.58,,,
394,"Aug 14, 2011","7,018,570","5,469,038","360,173","1,177,336","14,025,117",1.59,,,
395,"Aug 21, 2011","6,478,042","5,370,664","429,998","1,179,317","13,458,021",1.60,,,
396,"Aug 28, 2011","6,235,743","5,331,844","386,415","1,167,399","13,121,401",1.59,,,
397,"Sep 4, 2011","7,157,672","5,276,349","351,795","1,109,123","13,894,939",1.55,,,
398,"Sep 11, 2011","6,841,861","5,628,203","308,742","1,227,420","14,006,226",1.55,,,
399,"Sep 18, 2011","7,482,910","5,242,820","247,770","1,254,272","14,227,772",1.42,,,
400,"Sep 25, 2011","7,485,534","5,366,362","218,167","1,161,743","14,231,806",1.36,,,
401,"Oct 2, 2011","7,080,843","5,620,858","197,754","1,122,356","14,021,811",1.33,,,
402,"Oct 9, 2011","8,184,108","7,794,257","252,570","1,172,984","17,403,919",1.15,,,
403,"Oct 16, 2011","8,280,768","7,024,427","264,237","1,240,677","16,810,109",1.12,,,
404,"Oct 23, 2011","8,676,700","6,274,748","211,993","1,562,246","16,725,687",1.05,,,
405,"Oct 30, 2011","8,567,811","7,278,412","234,797","1,780,007","17,861,027",1.01,,,
406,"Nov 6, 2011","8,199,560","6,341,908","240,298","1,405,940","16,187,706",1.03,,,
407,"Nov 13, 2011","8,265,031","7,805,574","262,413","1,178,031","17,511,049",0.99,,,
408,"Nov 20, 2011","6,747,443","6,190,152","287,168","1,126,286","14,351,049",1.08,,,
409,"Nov 27, 2011","6,015,563","5,050,325","306,438","1,031,718","12,404,044",1.13,,,
410,"Dec 4, 2011","7,506,858","6,699,742","460,467","1,086,730","15,753,797",1.01,,,
411,"Dec 11, 2011","7,443,873","7,513,141","378,137","1,171,020","16,506,171",0.96,,,
412,"Dec 18, 2011","6,243,842","6,506,113","391,139","1,292,301","14,433,395",1.06,,,
413,"Dec 25, 2011","7,046,506","7,909,930","384,950","1,617,445","16,958,831",1.07,,,
414,"Jan 1, 2012","10,297,584","10,247,529","468,161","1,731,092","22,744,366",0.89,,,
415,"Jan 8, 2012","10,002,342","8,340,256","302,483","1,779,464","20,424,545",0.96,,,
416,"Jan 15, 2012","9,922,646","8,470,708","308,836","1,828,426","20,530,616",0.98,,,
417,"Jan 22, 2012","10,110,350","8,986,298","304,728","1,776,717","21,178,093",0.96,,,
418,"Jan 29, 2012","9,484,997","8,024,023","350,915","1,794,756","19,654,691",1.00,,,
419,"Feb 5, 2012","16,529,786","15,795,879","586,237","2,314,443","35,226,345",0.80,,,
420,"Feb 12, 2012","10,620,099","9,750,718","442,802","1,808,965","22,622,584",0.93,,,
421,"Feb 19, 2012","8,533,712","7,734,331","366,194","1,699,819","18,334,056",1.03,,,
422,"Feb 26, 2012","8,959,331","8,300,769","403,631","1,780,510","19,444,241",1.03,,,
423,"Mar 4, 2012","8,989,482","9,739,673","585,316","1,865,137","21,179,608",0.98,,,
424,"Mar 11, 2012","9,841,880","9,208,104","526,846","1,852,928","21,429,758",0.97,,,
425,"Mar 18, 2012","10,830,190","8,410,618","382,581","1,858,860","21,482,249",0.98,,,
426,"Mar 25, 2012","10,470,418","8,667,303","560,669","1,840,975","21,539,365",1.01,,,
427,"Apr 1, 2012","10,008,232","9,470,470","400,716","1,839,833","21,719,251",1.01,,,
428,"Apr 8, 2012","10,423,468","9,245,068","491,411","1,800,802","21,960,749",1.04,,,
429,"Apr 15, 2012","10,631,020","9,248,034","650,042","1,941,927","22,471,023",0.99,,,
430,"Apr 22, 2012","10,791,424","9,099,143","445,181","2,199,254","22,535,002",1.02,,,
431,"Apr 29, 2012","9,667,509","7,989,938","436,342","1,918,772","20,012,561",1.12,,,
432,"May 6, 2012","13,288,184","14,095,688","431,177","2,196,519","30,011,568",1.00,,,
433,"May 13, 2012","10,569,158","10,153,457","267,425","1,968,152","22,958,192",1.07,,,
434,"May 20, 2012","10,140,181","9,286,608","302,803","2,000,811","21,730,403",1.10,,,
435,"May 27, 2012","11,333,014","10,939,010","408,374","2,182,943","24,863,341",1.07,,,
436,"Jun 3, 2012","10,205,510","9,520,771","387,206","2,059,481","22,172,968",1.12,,,
437,"Jun 10, 2012","10,663,721","10,043,053","473,037","1,937,565","23,117,376",1.11,,,
438,"Jun 17, 2012","10,635,011","9,500,539","491,493","2,031,243","22,658,286",1.12,,,
439,"Jun 24, 2012","10,257,892","9,626,490","482,632","2,342,149","22,709,163",1.09,,,
440,"Jul 1, 2012","11,341,712","10,244,751","565,963","2,145,620","24,298,046",1.06,,,
441,"Jul 8, 2012","12,613,624","11,089,226","780,405","2,274,694","26,757,949",1.07,,,
442,"Jul 15, 2012","11,495,669","9,548,480","581,022","2,148,503","23,773,674",1.06,,,
443,"Jul 22, 2012","10,533,856","9,898,392","1,224,235","2,024,129","23,680,612",1.06,,,
444,"Jul 29, 2012","11,743,283","9,619,838","644,230","2,014,413","24,021,764",1.02,,,
445,"Aug 5, 2012","9,533,084","11,385,485","847,407","2,093,700","23,859,676",1.04,,,
446,"Aug 12, 2012","7,993,399","11,000,735","772,692","2,051,648","21,818,474",1.10,,,
447,"Aug 19, 2012","7,908,583","11,244,900","726,024","1,942,451","21,821,958",1.08,,,
448,"Aug 26, 2012","8,076,528","11,365,422","965,619","1,913,749","22,321,318",1.05,,,
449,"Sep 2, 2012","8,601,370","12,235,811","799,717","2,173,222","23,810,120",1.05,,,
450,"Sep 9, 2012","8,640,014","11,727,561","782,181","2,073,711","23,223,467",1.06,,,
451,"Sep 16, 2012","8,109,313","10,711,570","513,805","2,004,710","21,339,398",1.05,,,
452,"Sep 23, 2012","8,449,950","10,579,879","536,785","2,310,653","21,877,267",1.01,,,
453,"Sep 30, 2012","7,902,799","10,572,211","647,918","2,220,903","21,343,831",1.01,,,
454,"Oct 7, 2012","8,168,555","10,932,373","702,496","2,411,287","22,214,711",1.00,,,
455,"Oct 14, 2012","7,076,979","9,886,108","687,458","2,334,279","19,984,824",1.04,,,
456,"Oct 21, 2012","7,640,950","10,746,775","803,482","2,208,011","21,399,218",1.00,,,
457,"Oct 28, 2012","8,267,414","10,904,154","677,069","2,203,910","22,052,547",0.96,,,
458,"Nov 4, 2012","6,947,482","9,885,859","744,392","2,014,665","19,592,398",1.00,,,
459,"Nov 11, 2012","7,011,422","10,716,175","830,751","1,945,143","20,503,491",0.98,,,
460,"Nov 18, 2012","6,622,694","9,061,208","702,132","1,844,281","18,230,315",1.02,,,
461,"Nov 25, 2012","5,455,965","7,648,407","620,533","1,744,285","15,469,190",1.09,,,
462,"Dec 2, 2012","7,828,840","9,389,780","773,496","2,001,884","19,994,000",0.95,,,
463,"Dec 9, 2012","8,034,297","9,745,153","776,655","2,101,382","20,657,487",0.94,,,
464,"Dec 16, 2012","6,429,092","9,391,890","731,504","2,113,118","18,665,604",1.00,,,
465,"Dec 23, 2012","6,615,205","8,946,938","953,680","2,115,480","18,631,303",1.01,,,
466,"Dec 30, 2012","8,792,939","11,372,988","1,182,693","2,156,747","23,505,367",0.89,,,
467,"Jan 6, 2013","8,792,126","13,058,821","1,218,780","2,310,436","25,380,163",0.93,,,
468,"Jan 13, 2013","7,602,723","11,616,917","1,218,790","2,599,334","23,037,764",0.99,,,
469,"Jan 20, 2013","8,371,093","12,384,457","1,388,039","2,503,876","24,647,465",0.95,,,
470,"Jan 27, 2013","8,283,866","11,044,267","1,027,280","2,529,322","22,884,735",0.98,,,
471,"Feb 3, 2013","13,642,914","18,509,791","1,910,218","3,175,882","37,238,805",0.82,,,
472,"Feb 10, 2013","9,749,972","13,682,384","1,125,098","2,783,965","27,341,419",0.86,,,
473,"Feb 17, 2013","8,134,410","10,686,435","983,141","2,637,735","22,441,721",0.96,,,
474,"Feb 24, 2013","8,684,543","11,429,565","1,019,582","2,773,590","23,907,280",0.97,,,
475,"Mar 3, 2013","9,340,379","12,921,197","1,584,391","2,897,536","26,743,503",0.94,,,
476,"Mar 10, 2013","9,412,845","11,391,864","1,459,429","3,260,064","25,524,202",0.94,,,
477,"Mar 17, 2013","9,773,855","11,924,083","1,422,876","3,141,417","26,262,231",0.93,,,
478,"Mar 24, 2013","9,236,870","11,115,916","1,365,681","2,725,142","24,443,609",0.98,,,
479,"Mar 31, 2013","9,013,030","11,128,625","1,229,486","2,756,064","24,127,205",1.02,,,
480,"Apr 7, 2013","10,403,797","11,571,477","1,095,363","2,475,739","25,546,376",0.98,,,
481,"Apr 14, 2013","9,845,550","13,394,699","1,293,256","2,718,480","27,251,985",0.98,,,
482,"Apr 21, 2013","10,348,048","11,843,893","1,082,639","3,134,578","26,409,158",0.99,,,
483,"Apr 28, 2013","9,349,508","12,520,640","1,192,315","2,912,703","25,975,166",1.02,,,
484,"May 5, 2013","14,370,863","17,478,391","1,419,359","3,566,528","36,835,141",0.90,,,
485,"May 12, 2013","10,499,369","14,040,822","1,604,792","3,215,202","29,360,185",0.97,,,
486,"May 19, 2013","9,825,847","12,450,266","1,423,304","3,059,718","26,759,135",1.01,,,
487,"May 26, 2013","11,080,200","14,770,911","1,196,650","3,194,043","30,241,804",0.97,,,
488,"Jun 2, 2013","10,725,840","12,267,645","1,205,056","2,937,365","27,135,906",1.03,,,
489,"Jun 9, 2013","11,400,847","12,285,544","1,204,555","3,216,893","28,107,839",1.02,,,
490,"Jun 16, 2013","11,732,310","12,367,303","1,257,865","3,130,243","28,487,721",1.03,,,
491,"Jun 23, 2013","12,317,917","11,893,558","1,056,420","2,845,117","28,113,012",1.01,,,
492,"Jun 30, 2013","13,970,911","12,057,938","937,582","3,079,812","30,046,243",0.99,,,
493,"Jul 7, 2013","14,391,655","13,356,313","1,207,485","3,166,468","32,121,921",1.02,,,
494,"Jul 14, 2013","11,883,622","11,576,865","858,332","3,241,005","27,559,824",1.05,,,
495,"Jul 21, 2013","11,541,938","10,708,925","1,174,515","2,857,805","26,283,183",1.06,,,
496,"Jul 28, 2013","10,744,544","10,073,857","916,260","2,553,946","24,288,607",1.10,,,
497,"Aug 4, 2013","10,342,900","9,894,701","967,543","2,561,467","23,766,611",1.13,,,
498,"Aug 11, 2013","9,894,343","10,642,601","884,381","2,412,561","23,833,886",1.14,,,
499,"Aug 18, 2013","9,897,461","10,013,006","732,840","2,463,002","23,106,309",1.18,,,
500,"Aug 25, 2013","9,732,377","10,334,006","633,732","2,424,682","23,124,797",1.15,,,
501,"Sep 1, 2013","12,092,983","11,268,486","666,080","2,555,354","26,582,903",1.07,,,
502,"Sep 8, 2013","11,159,807","11,373,542","596,708","2,581,476","25,711,533",1.09,,,
503,"Sep 15, 2013","10,317,712","10,381,518","811,658","2,405,198","23,916,086",1.10,,,
504,"Sep 22, 2013","10,149,978","8,848,599","407,004","2,778,909","22,184,490",1.11,,,
505,"Sep 29, 2013","8,630,113","9,662,340","413,480","2,293,073","20,999,006",1.15,,,
506,"Oct 6, 2013","9,258,249","11,414,779","473,465","3,169,780","24,316,273",1.18,,,
507,"Oct 13, 2013","8,854,344","8,754,496","436,547","2,459,763","20,505,150",1.19,,,
508,"Oct 20, 2013","8,504,598","8,395,092","434,583","2,293,063","19,627,336",1.19,,,
509,"Oct 27, 2013","9,363,718","8,590,481","392,468","2,274,338","20,621,005",1.15,,,
510,"Nov 3, 2013","8,490,558","9,023,595","425,706","2,309,485","20,249,344",1.14,,,
511,"Nov 10, 2013","8,806,692","9,013,854","439,678","2,492,016","20,752,240",1.12,,,
512,"Nov 17, 2013","9,501,157","9,778,708","568,897","2,636,747","22,485,509",1.05,,,
513,"Nov 24, 2013","7,222,141","7,518,965","395,093","2,377,125","17,513,324",1.18,,,
514,"Dec 1, 2013","7,223,265","6,943,747","315,676","2,173,763","16,656,451",1.16,,,
515,"Dec 8, 2013","8,666,802","9,393,004","379,896","2,448,191","20,887,893",1.05,,,
516,"Dec 15, 2013","8,469,138","8,737,561","364,212","2,564,452","20,135,363",1.05,,,
517,"Dec 22, 2013","8,015,174","8,202,936","417,793","2,442,766","19,078,669",1.12,,,
518,"Dec 29, 2013","9,574,958","10,007,668","480,420","2,532,325","22,595,371",1.02,,,
519,"Jan 5, 2014","10,535,645","13,905,103","510,274","2,810,386","27,761,408",1.01,,,
520,"Jan 12, 2014","9,647,200","11,187,901","435,843","2,714,754","23,985,698",1.07,,,
521,"Jan 19, 2014","11,227,324","11,576,636","479,435","3,599,827","26,883,222",1.05,,,
522,"Jan 26, 2014","10,750,805","11,138,454","418,538","3,317,537","25,625,334",1.08,,,
523,"Feb 2, 2014","16,680,906","17,812,656","896,612","4,820,392","40,210,566",0.91,,,
524,"Feb 9, 2014","11,565,507","13,570,190","540,334","4,040,876","29,716,907",0.98,,,
525,"Feb 16, 2014","11,175,169","9,815,919","499,487","3,790,833","25,281,408",1.04,,,
526,"Feb 23, 2014","10,733,855","11,500,875","863,428","3,673,241","26,771,399",1.06,,,
527,"Mar 2, 2014","11,987,727","12,481,378","541,091","4,324,201","29,334,397",1.02,,,
528,"Mar 9, 2014","11,136,676","11,558,633","578,794","4,030,439","27,304,542",1.06,,,
529,"Mar 16, 2014","11,770,793","10,967,927","601,134","3,962,902","27,302,756",1.08,,,
530,"Mar 23, 2014","10,788,705","11,063,903","576,456","4,219,106","26,648,170",1.11,,,
531,"Mar 30, 2014","12,048,233","12,272,006","729,653","4,174,540","29,224,432",1.07,,,
532,"Apr 6, 2014","12,106,946","11,453,032","721,892","4,623,160","28,905,030",1.09,,,
533,"Apr 13, 2014","11,777,708","10,685,753","556,225","4,335,155","27,354,841",1.12,,,
534,"Apr 20, 2014","10,971,268","10,617,379","599,162","4,604,659","26,792,468",1.17,,,
535,"Apr 27, 2014","10,727,417","9,259,539","583,446","4,104,497","24,674,899",1.18,,,
536,"May 4, 2014","15,318,221","12,857,961","944,724","5,142,529","34,263,435",1.07,,,
537,"May 11, 2014","12,418,020","11,859,975","654,968","4,481,150","29,414,113",1.15,,,
538,"May 18, 2014","11,322,287","9,528,753","593,863","4,364,816","25,809,719",1.21,,,
539,"May 25, 2014","12,391,078","11,034,088","680,882","4,770,729","28,876,777",1.19,,,
540,"Jun 1, 2014","11,376,264","10,836,647","694,915","4,597,898","27,505,724",1.20,,,
541,"Jun 8, 2014","12,483,169","11,013,008","699,515","4,920,241","29,115,933",1.16,,,
542,"Jun 15, 2014","12,829,231","11,010,187","784,955","4,785,397","29,409,770",1.16,,,
543,"Jun 22, 2014","12,269,591","11,563,597","957,457","4,802,425","29,593,070",1.13,,,
544,"Jun 29, 2014","11,296,357","10,399,776","1,067,197","4,605,035","27,368,365",1.18,,,
545,"Jul 6, 2014","13,097,711","11,610,338","1,482,392","5,036,400","31,226,841",1.18,,,
546,"Jul 13, 2014","10,271,670","9,461,638","1,283,915","4,115,605","25,132,828",1.22,,,
547,"Jul 20, 2014","9,482,411","9,750,958","1,168,562","4,006,747","24,408,678",1.19,,,
548,"Jul 27, 2014","9,182,791","9,785,234","906,819","3,976,659","23,851,503",1.19,,,
549,"Aug 3, 2014","8,949,992","11,384,479","899,605","4,036,963","25,271,039",1.16,,,
550,"Aug 10, 2014","9,139,474","11,227,121","861,686","4,077,818","25,306,099",1.16,,,
551,"Aug 17, 2014","9,175,287","8,904,390","596,982","3,571,011","22,247,670",1.15,,,
552,"Aug 24, 2014","8,609,152","9,908,304","595,206","3,353,536","22,466,198",1.14,,,
553,"Aug 31, 2014","9,992,502","9,884,838","774,853","3,744,896","24,397,089",1.11,,,
554,"Sep 7, 2014","8,710,459","9,843,712","487,375","3,898,893","22,940,439",1.16,,,
555,"Sep 14, 2014","9,307,435","10,575,193","767,080","3,901,829","24,551,537",1.14,,,
556,"Sep 21, 2014","8,585,846","10,691,334","684,317","3,816,897","23,778,394",1.11,,,
557,"Sep 28, 2014","8,399,928","10,335,989","703,320","3,796,096","23,235,333",1.12,,,
558,"Oct 5, 2014","9,078,536","10,738,816","607,552","4,019,472","24,444,376",1.10,,,
559,"Oct 12, 2014","9,066,632","11,271,526","711,801",0,"21,049,959",1.09,,,
560,"Oct 19, 2014","10,104,281","10,808,796","629,477",0,"21,542,554",1.05,,,
561,"Oct 26, 2014","8,893,025","10,496,629","568,041",0,"19,957,695",1.07,,,
562,"Nov 2, 2014","10,077,982","10,851,011","612,688",0,"21,541,681",1.05,,,
563,12/27/2015,"9,626,901","10,197,890","1,184,340","6,288,852","27,297,984",$0.95,"4,850,404","1,252,626","185,822"
564,12/20/2015,"8,710,022","9,329,862","1,201,020","5,842,744","25,083,647",$0.98,"4,618,390","1,025,049","199,305"
565,12/13/2015,"9,855,054","10,805,839","1,016,163","6,364,280","28,041,335",$0.93,"4,964,462","1,371,440","28,377"
566,12/6/2015,"9,405,464","12,160,839","931,831","6,302,263","28,800,397",$0.89,"5,005,077","1,233,956","63,229"
567,11/29/2015,"8,094,804","9,003,178","731,008","4,789,009","22,617,999",$0.99,"3,901,953","856,560","30,496"
568,11/22/2015,"8,571,850","10,389,880","804,663","5,347,836","25,114,228",$0.96,"4,178,583","1,137,230","32,023"
569,11/15/2015,"9,907,981","11,699,788","815,642","6,174,346","28,597,756",$0.92,"4,854,619","1,283,547","36,180"
570,11/8/2015,"9,991,330","12,199,657","1,143,215","5,151,514","28,485,716",$0.97,"4,058,501","1,027,702","65,311"
571,11/1/2015,"10,138,704","14,229,287","1,410,928","5,268,565","31,047,484",$0.97,"3,966,597","1,246,220","55,748"
572,10/25/2015,"8,683,959","11,410,478","1,188,119","4,957,516","26,240,072",$1.04,"3,918,658","999,728","39,130"
573,10/18/2015,"9,162,094","14,082,540","1,220,251","4,910,239","29,375,124",$0.99,"3,930,198","952,191","27,849"
574,10/11/2015,"8,828,341","13,326,573","1,614,283","5,447,001","29,216,198",$1.00,"4,153,478","1,221,305","72,219"
575,10/4/2015,"8,353,620","13,775,652","1,209,045","4,905,189","28,243,506",$1.02,"3,664,891","1,189,350","50,948"
576,9/27/2015,"8,454,209","13,819,913","1,061,979","4,417,407","27,753,508",$1.03,"3,476,493","886,424","54,491"
577,9/20/2015,"9,422,275","13,846,045","1,112,405","5,188,361","29,569,087",$1.02,"3,938,275","1,183,732","66,355"
578,9/13/2015,"9,875,018","14,888,078","1,118,989","5,363,751","31,245,836",$1.03,"4,072,662","1,226,810","64,279"
579,9/6/2015,"12,569,277","14,245,598","1,129,771","5,581,833","33,526,480",$1.02,"4,363,708","1,184,889","33,236"
580,8/30/2015,"11,650,977","11,995,961","1,060,353","5,054,348","29,761,638",$1.07,"4,316,352","685,816","52,179"
581,8/23/2015,"11,283,021","12,551,530","909,284","4,956,010","29,699,846",$1.08,"4,318,011","612,362","25,637"
582,8/16/2015,"12,680,252","12,998,327","1,143,365","5,114,912","31,936,856",$1.05,"4,342,839","703,542","68,531"
583,8/9/2015,"13,003,371","13,926,693","1,014,521","5,310,327","33,254,912",$1.05,"4,391,462","888,238","30,628"
584,8/2/2015,"12,115,234","12,219,014","984,703","5,039,517","30,358,468",$1.09,"4,322,985","689,176","27,356"
585,7/26/2015,"12,196,226","12,009,228","1,017,158","5,429,599","30,652,211",$1.07,"4,627,252","779,808","22,540"
586,7/19/2015,"12,742,760","12,605,457","1,154,897","5,821,533","32,324,648",$1.07,"4,757,799","1,013,834","49,900"
587,7/12/2015,"12,384,449","12,403,360","980,362","5,891,860","31,660,032",$1.07,"5,067,198","796,786","27,876"
588,7/5/2015,"15,643,939","14,213,650","1,342,466","6,743,615","37,943,670",$1.04,"5,803,954","905,205","34,456"
589,6/28/2015,"13,299,569","11,505,999","1,045,833","6,557,305","32,408,706",$1.06,"5,690,216","846,752","20,337"
590,6/21/2015,"14,699,605","13,244,467","1,326,423","6,464,120","35,734,614",$1.02,"5,517,910","898,027","48,183"
591,6/14/2015,"16,383,685","12,821,015","1,085,082","6,736,304","37,026,086",$0.98,"5,893,642","822,400","20,263"
592,6/7/2015,"16,529,798","12,582,265","1,144,716","6,293,217","36,549,996",$1.00,"5,304,563","943,996","44,658"
593,5/31/2015,"15,503,613","11,599,634","903,908","5,713,003","33,720,159",$1.03,"4,967,232","726,046","19,726"
594,5/24/2015,"16,000,108","12,513,821","899,780","5,930,474","35,344,183",$1.04,"5,094,263","815,629","20,582"
595,5/17/2015,"14,615,942","11,003,341","963,550","5,444,854","32,027,686",$1.06,"4,747,545","660,984","36,326"
596,5/10/2015,"16,215,329","13,509,065","858,145","5,818,348","36,400,887",$1.02,"4,991,626","816,629","10,093"
597,5/3/2015,"17,787,612","16,602,589","1,118,330","5,783,174","41,291,704",$0.96,"4,647,155","1,110,987","25,031"
598,4/26/2015,"13,833,715","10,867,403","889,732","5,303,307","30,894,158",$1.07,"4,584,203","687,179","31,924"
599,4/19/2015,"14,251,319","12,277,859","1,016,631","5,545,447","33,091,256",$1.03,"4,696,225","819,935","29,287"
600,4/12/2015,"14,793,354","11,210,544","807,942","5,234,561","32,046,402",$1.02,"4,400,469","826,567","7,525"
601,4/5/2015,"13,939,014","11,526,980","871,981","5,162,693","31,500,669",$1.06,"4,477,300","666,515","18,879"
602,3/29/2015,"12,524,637","11,541,041","811,273","5,105,697","29,982,648",$1.04,"4,487,887","610,349","7,461"
603,3/22/2015,"13,697,406","12,659,785","1,066,386","5,089,974","32,513,551",$1.01,"4,275,071","762,528","52,375"
604,3/15/2015,"13,149,989","10,634,071","871,575","4,916,591","29,572,226",$1.04,"4,287,622","614,905","14,065"
605,3/8/2015,"13,013,750","10,973,973","834,009","5,272,967","30,094,699",$1.02,"4,583,727","673,149","16,091"
606,3/1/2015,"13,282,223","13,733,124","1,070,576","4,908,091","32,994,014",$0.97,"4,129,139","725,218","53,734"
607,2/22/2015,"12,628,562","11,354,282","937,139","5,016,747","29,936,730",$1.02,"4,336,247","667,149","13,351"
608,2/15/2015,"12,626,615","9,783,490","845,654","4,756,763","28,012,521",$1.03,"4,096,226","648,632","11,904"
609,2/8/2015,"13,308,193","13,381,348","737,939","4,709,853","32,137,333",$0.95,"4,022,475","673,454","13,924"
610,2/1/2015,"18,933,038","18,956,480","1,381,516","5,384,428","44,655,462",$0.89,"4,216,452","1,121,076","46,899"
611,1/25/2015,"12,167,445","10,734,653","768,020","4,800,193","28,470,311",$1.04,"3,978,637","812,925","8,631"
612,1/18/2015,"11,858,139","11,701,948","831,302","4,652,070","29,043,459",$1.03,"3,873,041","771,093","7,935"
613,1/11/2015,"11,544,811","12,134,773","866,575","4,517,384","29,063,543",$1.01,"3,783,261","718,334","15,789"
614,1/4/2015,"12,357,161","13,624,083","844,093","4,498,940","31,324,278",$0.95,"3,585,322","894,946","18,673"
615,12/25/2016,"9,255,125","10,282,926","541,972","10,207,830","30,287,854",$1.00,"7,709,584","2,417,145","81,101"
616,12/18/2016,"9,394,066","10,339,168","427,872","9,422,776","29,583,883",$0.96,"6,970,320","2,358,444","94,012"
617,12/11/2016,"9,009,996","9,967,220","403,048","10,713,277","30,093,541",$0.98,"8,149,439","2,490,495","73,343"
618,12/4/2016,"11,043,351","9,908,983","428,010","10,240,878","31,621,222",$1.00,"7,187,023","2,988,505","65,351"
619,11/27/2016,"7,891,488","7,337,342","344,476","7,349,757","22,923,063",$1.21,"5,691,267","1,609,867","48,623"
620,11/20/2016,"8,531,161","8,033,511","407,568","8,017,464","24,989,703",$1.27,"6,207,080","1,765,674","44,709"
621,11/13/2016,"8,235,135","7,759,608","477,521","7,602,862","24,075,126",$1.36,"5,602,594","1,957,164","43,104"
622,11/6/2016,"7,804,253","7,126,936","505,349","7,098,160","22,534,698",$1.44,"5,245,067","1,812,174","40,919"
623,10/30/2016,"7,100,459","6,852,046","453,145","6,604,080","21,009,730",$1.43,"4,655,046","1,882,751","66,284"
624,10/23/2016,"7,579,629","8,104,522","452,384","8,616,979","24,753,514",$1.34,"6,508,667","2,016,513","91,799"
625,10/16/2016,"8,810,664","8,855,073","447,291","9,594,018","27,707,047",$1.30,"6,934,369","2,575,096","84,553"
626,10/9/2016,"9,552,502","9,579,339","490,957","9,234,784","28,857,582",$1.27,"6,849,127","2,316,378","69,279"
627,10/2/2016,"9,534,916","9,123,898","490,123","10,466,072","29,615,008",$1.23,"7,408,766","2,981,276","76,031"
628,9/25/2016,"10,548,061","9,255,914","492,604","10,008,534","30,305,113",$1.22,"7,440,445","2,476,401","91,688"
629,9/18/2016,"11,337,829","9,481,313","486,187","10,040,762","31,346,091",$1.15,"7,649,502","2,311,263","79,997"
630,9/11/2016,"12,962,763","10,380,438","512,160","10,271,370","34,126,731",$1.08,"8,199,581","2,016,485","55,304"
631,9/4/2016,"14,643,466","11,083,513","540,681","10,863,029","37,130,689",$1.04,"8,555,284","2,214,419","93,326"
632,8/28/2016,"12,561,056","10,420,973","563,739","10,448,164","33,993,931",$1.09,"8,503,871","1,785,022","159,271"
633,8/21/2016,"12,725,249","9,906,499","609,721","10,350,629","33,592,098",$1.10,"8,749,239","1,446,381","155,009"
634,8/14/2016,"12,352,933","10,879,342","749,247","10,404,656","34,386,177",$1.12,"8,479,507","1,813,211","111,939"
635,8/7/2016,"12,197,105","10,731,380","754,549","10,136,876","33,819,909",$1.15,"8,386,276","1,569,550","181,049"
636,7/31/2016,"10,168,972","10,423,958","783,937","9,824,723","31,201,590",$1.23,"8,193,011","1,431,745","199,967"
637,7/24/2016,"10,331,314","10,795,751","947,964","10,264,348","32,339,377",$1.20,"8,315,739","1,561,209","387,400"
638,7/17/2016,"10,320,463","10,628,873","953,631","10,753,156","32,656,124",$1.15,"8,737,861","1,624,816","390,479"
639,7/10/2016,"11,457,080","11,677,528","1,266,434","11,166,526","35,567,568",$1.10,"8,984,514","1,727,669","454,344"
640,7/3/2016,"12,508,937","13,315,901","1,761,343","12,407,004","39,993,186",$1.06,"9,967,538","1,887,772","551,694"
641,6/26/2016,"12,189,035","12,029,919","1,624,942","10,773,128","36,617,024",$1.04,"8,834,970","1,609,569","328,589"
642,6/19/2016,"13,488,852","12,842,698","1,642,736","10,515,651","38,489,936",$1.02,"8,223,281","1,975,351","317,019"
643,6/12/2016,"12,291,687","11,533,970","1,607,344","10,147,819","35,580,820",$1.04,"8,039,866","1,796,514","311,440"
644,6/5/2016,"13,808,859","13,396,652","1,770,948","11,254,801","40,231,260",$0.97,"8,492,744","2,441,023","321,033"
645,5/29/2016,"13,682,611","13,829,591","1,583,496","10,923,377","40,019,075",$0.94,"8,085,657","2,657,599","180,121"
646,5/22/2016,"11,712,000","12,981,224","1,640,829","10,623,982","36,958,036",$0.93,"7,835,766","2,563,224","224,992"
647,5/15/2016,"12,447,598","14,437,190","1,753,853","11,276,356","39,914,997",$0.89,"7,987,029","3,143,280","146,047"
648,5/8/2016,"14,223,305","17,896,392","1,993,645","12,211,188","46,324,530",$0.82,"8,747,757","3,342,781","120,650"
649,5/1/2016,"13,748,944","15,899,858","1,414,364","11,804,441","42,867,609",$0.84,"8,376,124","3,365,582","62,735"
650,4/24/2016,"12,913,697","14,382,185","1,599,864","10,711,949","39,607,695",$0.87,"7,835,836","2,801,103","75,011"
651,4/17/2016,"11,954,488","12,896,367","1,896,150","10,720,882","37,467,885",$0.90,"8,128,710","2,467,002","125,169"
652,4/10/2016,"12,879,820","11,538,132","1,666,275","10,499,801","36,584,029",$0.90,"7,808,771","2,613,293","77,737"
653,4/3/2016,"11,320,970","11,512,622","1,731,910","9,102,948","33,668,451",$0.94,"6,830,380","2,213,379","59,189"
654,3/27/2016,"11,249,198","12,745,267","1,880,231","10,055,499","35,930,196",$0.94,"7,745,105","2,228,008","82,386"
655,3/20/2016,"11,134,391","13,727,454","1,773,089","9,700,550","36,335,484",$0.93,"7,248,858","2,374,054","77,639"
656,3/13/2016,"11,661,687","13,104,888","1,800,066","9,807,875","36,374,516",$0.93,"7,231,163","2,521,124","55,589"
657,3/6/2016,"11,824,155","12,196,587","1,686,475","9,357,289","35,064,506",$0.95,"7,502,570","1,747,904","106,815"
658,2/28/2016,"11,907,395","13,210,855","1,560,168","10,123,401","36,801,818",$0.91,"7,251,667","2,802,239","69,495"
659,2/21/2016,"10,015,825","12,003,752","1,375,260","9,409,896","32,804,733",$0.94,"7,213,493","2,150,749","45,654"
660,2/14/2016,"11,913,078","13,187,973","1,811,091","9,564,300","36,476,442",$0.88,"7,102,422","2,387,456","74,422"
661,2/7/2016,"16,573,574","20,470,573","2,546,439","12,698,112","52,288,698",$0.76,"9,083,373","3,373,078","241,661"
662,1/31/2016,"11,098,088","13,278,054","1,643,703","8,701,405","34,721,250",$0.93,"6,684,515","1,823,890","193,000"
663,1/24/2016,"7,020,459","14,054,368","1,440,380","10,271,872","32,787,079",$0.95,"7,438,490","2,668,368","165,015"
664,1/17/2016,"10,036,598","13,832,256","1,419,406","9,138,082","34,426,342",$0.94,"6,846,324","2,228,421","63,337"
665,1/10/2016,"11,441,287","13,226,089","1,282,613","9,314,348","35,264,336",$0.93,"6,735,384","2,528,089","50,874"
666,1/3/2016,"11,616,506","16,054,084","1,560,069","8,911,429","38,142,088",$0.86,"6,464,896","2,287,450","159,084"
667,12/31/2017,"13,109,617","13,197,461","644,838","11,315,426","38,267,342",$0.98,"8,092,355","3,098,374","124,697"
668,12/24/2017,"10,027,319","8,964,247","546,374","9,564,409","29,102,349",$1.18,"7,222,271","2,226,794","115,344"
669,12/17/2017,"10,704,214","9,934,618","574,089","9,544,845","30,757,767",$1.07,"7,149,680","2,260,603","134,562"
670,12/10/2017,"11,943,915","11,659,898","398,349","11,632,752","35,634,913",$1.03,"8,404,955","3,122,650","105,147"
671,12/3/2017,"11,746,980","10,905,968","583,801","10,587,491","33,824,253",$1.09,"7,730,801","2,748,622","108,068"
672,11/26/2017,"9,175,316","7,312,239","379,637","7,819,483","24,686,675",$1.24,"5,571,801","2,156,887","90,795"
673,11/19/2017,"11,173,132","7,847,059","416,186","9,817,108","29,253,484",$1.17,"6,662,322","3,059,627","95,159"
674,11/12/2017,"11,512,837","9,994,648","416,643","10,412,097","32,336,225",$1.15,"7,277,327","3,044,847","89,923"
675,11/5/2017,"11,042,128","9,774,988","400,251","10,834,227","32,051,594",$1.19,"7,470,394","3,275,463","88,369"
676,10/29/2017,"10,596,903","9,803,570","424,756","9,412,683","30,237,911",$1.29,"6,602,082","2,747,520","63,081"
677,10/22/2017,"9,607,587","8,761,193","409,598","7,928,593","26,706,972",$1.44,"6,074,596","1,804,540","49,457"
678,10/15/2017,"8,769,358","8,534,404","392,119","7,335,708","25,031,589",$1.58,"5,387,869","1,893,511","54,328"
679,10/8/2017,"8,911,144","7,609,510","391,833","7,484,679","24,397,166",$1.65,"5,444,021","1,976,739","63,919"
680,10/1/2017,"8,342,408","8,354,516","384,794","7,528,927","24,610,645",$1.64,"5,513,112","1,954,129","61,686"
681,9/24/2017,"8,652,381","8,295,762","385,005","7,304,000","24,637,148",$1.62,"5,442,167","1,792,565","69,269"
682,9/17/2017,"9,153,159","8,328,242","417,271","7,496,232","25,394,903",$1.57,"5,494,164","1,923,561","78,507"
683,9/10/2017,"9,496,485","8,373,234","487,927","8,027,435","26,385,081",$1.56,"6,035,666","1,818,832","172,937"
684,9/3/2017,"9,775,063","8,565,266","541,903","7,926,179","26,808,411",$1.57,"5,851,814","1,855,970","218,395"
685,8/27/2017,"10,735,710","8,587,106","517,542","8,944,923","28,785,280",$1.47,"6,592,504","2,117,566","234,853"
686,8/20/2017,"10,507,929","8,837,219","581,074","9,987,522","29,913,744",$1.41,"6,837,126","2,911,554","238,841"
687,8/13/2017,"10,952,704","11,154,310","624,963","10,085,277","32,817,254",$1.33,"6,687,662","3,118,889","278,726"
688,8/6/2017,"11,292,580","10,988,314","665,313","9,583,714","32,529,920",$1.33,"6,889,926","2,376,270","317,518"
689,7/30/2017,"11,112,191","11,088,083","596,676","8,959,147","31,756,097",$1.32,"6,337,457","2,396,439","225,251"
690,7/23/2017,"11,391,056","11,339,580","612,242","9,265,423","32,608,302",$1.31,"6,333,888","2,636,616","294,918"
691,7/16/2017,"11,155,466","11,202,845","756,103","9,340,633","32,455,047",$1.33,"6,514,899","2,499,386","326,348"
692,7/9/2017,"13,009,944","11,031,218","821,964","14,504,209","39,367,336",$1.17,"11,112,406","3,018,280","373,523"
693,7/2/2017,"12,623,189","10,988,735","859,890","13,538,613","38,010,426",$1.21,"10,041,244","3,119,708","377,661"
694,6/25/2017,"12,901,032","10,805,962","655,966","12,942,348","37,305,308",$1.17,"9,462,413","3,202,254","277,681"
695,6/18/2017,"12,975,373","11,199,449","807,107","13,265,740","38,247,669",$1.18,"9,650,859","3,267,491","347,390"
696,6/11/2017,"13,490,546","10,090,861","648,411","12,810,036","37,039,854",$1.21,"9,373,422","3,128,713","307,901"
697,6/4/2017,"13,248,335","10,157,565","667,067","13,279,394","37,352,361",$1.24,"10,103,007","2,946,265","230,123"
698,5/28/2017,"12,841,952","10,932,971","673,385","12,582,586","37,030,894",$1.28,"9,312,239","3,013,459","256,887"
699,5/21/2017,"12,120,949","10,213,232","621,604","11,441,867","34,397,651",$1.26,"8,508,442","2,718,685","214,740"
700,5/14/2017,"12,807,836","9,717,258","652,973","13,456,202","36,634,269",$1.19,"10,373,348","2,859,414","223,441"
701,5/7/2017,"17,076,651","13,549,103","863,472","15,804,696","47,293,922",$1.09,"11,228,050","4,324,231","252,415"
702,4/30/2017,"13,316,594","11,291,149","667,997","13,039,760","38,315,500",$1.18,"9,463,811","3,378,924","197,026"
703,4/23/2017,"12,236,713","10,224,484","613,507","12,654,309","35,729,014",$1.18,"9,051,467","3,434,847","167,995"
704,4/16/2017,"12,311,055","10,069,354","650,017","12,151,894","35,182,321",$1.23,"9,399,105","2,544,943","207,847"
705,4/9/2017,"12,091,315","10,821,096","647,969","11,225,332","34,785,713",$1.21,"8,946,793","2,098,143","180,396"
706,4/2/2017,"12,245,521","9,733,585","624,710","11,864,202","34,468,017",$1.21,"9,385,516","2,330,300","148,386"
707,3/26/2017,"11,737,560","9,664,311","611,106","10,542,143","32,555,119",$1.24,"8,498,318","1,844,372","199,454"
708,3/19/2017,"10,975,690","9,622,712","638,218","10,358,506","31,595,125",$1.25,"8,202,242","2,000,176","156,087"
709,3/12/2017,"11,228,357","9,575,227","727,233","10,489,756","32,020,574",$1.22,"8,207,585","2,124,294","157,877"
710,3/5/2017,"11,335,276","10,807,890","795,173","10,745,837","33,684,175",$1.13,"8,302,601","2,322,677","120,559"
711,2/26/2017,"13,173,668","11,398,143","896,762","11,539,225","37,007,798",$0.99,"8,945,889","2,405,734","187,602"
712,2/19/2017,"11,321,732","10,351,148","832,906","11,400,068","33,905,855",$0.99,"8,676,990","2,576,167","146,912"
713,2/12/2017,"15,051,952","12,184,188","862,322","12,979,009","41,077,471",$0.87,"9,922,490","2,919,324","137,194"
714,2/5/2017,"22,743,616","20,328,162","1,664,383","16,298,296","61,034,457",$0.77,"12,567,156","3,618,271","112,870"
715,1/29/2017,"14,034,076","11,683,465","818,727","12,837,312","39,373,579",$0.96,"9,918,256","2,799,961","119,096"
716,1/22/2017,"14,254,150","14,212,882","908,616","12,764,745","42,140,393",$0.94,"9,462,854","3,231,020","70,871"
717,1/15/2017,"12,936,858","12,625,665","579,347","12,153,618","38,295,488",$0.98,"9,445,622","2,638,918","69,078"
718,1/8/2017,"11,809,728","13,856,935","539,068","11,844,072","38,049,803",$0.99,"9,332,972","2,432,259","78,841"
719,1/1/2017,"12,707,895","14,201,201","549,845","11,420,777","38,879,717",$0.89,"8,551,134","2,802,709","66,934"
